{
    "spider": "./pg.jar",
    "sites": [
        {
            "key": "网盘配置",
            "name": "网盘及彈幕配置",
            "type": 3,
            "api": "csp_Config",
            "searchable": 0,
            "changeable": 0,
            "ext": "./tokentemplate.json"
        },
        {"key":"haiwaikan","name":"海外看","playUrl": "json:http://127.0.0.1:10079/parse/?thread=0&proxy=127.0.0.1:10073&url=","type":1,"style":{"type":"rect","ratio":1.485},"api": "http://127.0.0.1:10079/p/0/127.0.0.1:10073/http://api.haiwaikan.com/v1/vod?ac=list","categories":["纪录片","冒险片","剧情片","动作片","动画电影","喜剧片","奇幻片","恐怖片","悬疑片","惊悚片","歌舞片","灾难片","爱情片","犯罪片","科幻片","经典片","网络电影","战争片","欧美剧","日剧","韩剧","国产剧","泰剧","港剧","台剧","新马剧","其他剧","欧美综艺","日本综艺","韩国综艺","国产综艺","新马泰综艺","港台综艺","其他综艺","欧美动漫","日本动漫","韩国动漫","国产动漫","新马泰动漫","港台动漫","其他动漫"]
        },
        {"key":"星星",
        "name":"星视界|海外",
        "playUrl": "json:http://127.0.0.1:10079/parse/?thread=0&proxy=&url=",
        "type":3,"style":{"type":"rect","ratio":1.485},
        "api":"csp_Star",
        "searchable":1,
        "changeable":1,
        "ext":"127.0.0.1:10073"
        },
        {"key":"csp_Nbys",
        "name":"蜂蜜新泥巴",
        "playUrl": "json:http://127.0.0.1:10079/parse/?thread=0&proxy=&url=",
        "type":3,
        "style":{"type":"rect","ratio":1.485},
        "api":"csp_NiNi",
        "searchable":1,
        "changeable":1,
        "ext":"0$$$127.0.0.1:10073"
        }]}